{"height": 74, "sleeve": 20.16990607, "inseam": 22.16528628}