{"sleeve": 27.808492497334996, "inseam": 36.10495561326181}