{"sleeve": 29.75120754729596, "inseam": 37.13609958399714}